Name,Address,City,State,Years_of_Operation
George Blakely & Son,,Addison,MI,<--1948-->
J. C. Van Doren,,Adrian,MI,1902-1912-->
Raymond Auto Sales,,Adrian,MI,<--1944
Lenawee Equipment Company,,Adrian,MI,<--1948-->
F & H Garage,,Adrian,MI,<--1958-->
"Adrian LP Gas, Inc.",,Adrian,MI,<--1969-->
Albro Motor Sales,711 South Main Street,Adrian,MI,<--1973-1974-->
"Dan's Farm Supply, Inc.",4248 South Adrian Highway,Adrian,MI,1989-2011
Archbold Equipment,4248 South Adrian Highway,Adrian,MI,<--2013-2016-->
H. K. Farm Equipment,Beecher Road,Adrian,MI,
Ormsbee Implement Company,,Afton,MI,
Smith Farm Service (Division of SSH Corp.),,Akron,MI,<--1948-1969-->
Russell's Garage,,Alba,MI,<--1948-1958-->
"H & M Sales & Service, Inc.",1707 Jackson Road,Albion,MI,<--1948-1958-->
William Danneberg,,Allegan,MI,<--1911-1912-->
A. H. Foster,,Allegan,MI,<--1920-->
Reed Implement Company,,Allegan,MI,<--1947
A. J. Gilmore,,Allegan,MI,<--1948-->
Smith & Ross,West M-40 & M-89,Allegan,MI,<--1958-1974-->
Robert J. Lemmen,,Allendale,MI,<--1944
F. W. Kennedy Farm Service,,Allendale,MI,<--1948-->
Allendale Farm Supply,,Allendale,MI,<--1958-1967-->
Grand Valley Truck & Tractor,6660 Lake Michigan Drive,Allendale,MI,<--1973-1984-->
J. S. Erskine,,Allenville,MI,<--1948-->
Alma Equipment Company,,Alma,MI,<--1948-->
Forest Hill Garage,,Alma,MI,<--1962-1964-->
Almont Welding Company,,Almont,MI,<--1958-->
E. F. Smith / Everett F. Smith,,Alpena,MI,<--1948-1967-->
H-Way Motor Company,,Alpena,MI,<--1969-->
Thompson Sales & Service (Inc.),3550 Highway 23 South,Alpena,MI,<--1974-1990-->
Elmer Dintaman & Son,,Alto,MI,<--1948-->
Snyder Farm Supply (Inc.),,Alto,MI,<--1994-->
Amasa Coop Society,,Amasa,MI,<--1948-->
Benz Bros.,,Ann Arbor,MI,<--1916-->
Ann Arbor Implement Company,210 South 1st Street,Ann Arbor,MI,<--1948-1956-->
Miller-Jahnke Motors,,Ann Arbor,MI,<--1958-->
George W. Stover / Geo. W. Stover,,Arden,MI,1910-1932-->
J. D. Herdell,,Argyle,MI,<--1948
D. A. Herdell,,Argyle,MI,<--1948-->
Hagaman Lappin,,Armada,MI,<--1948-->
Lappin Implement Company,,Armada,MI,
C. L. Kent,,Ashley,MI,<--1948-1958-->
Kent Implement Company,121 North Sterling Street,Ashley,MI,<--1962-1984-->
E. J. Christie,,Au Gres,MI,<--1948-->
Dittenber's Sales & Service,,Au Gres,MI,<--1958-1969-->
G. R. Snyder,,Auburn,MI,<--1948-->
Wieland Sales (Inc.),430 East Midland Street,Auburn,MI,<--1971-1979-->
Aura Farms Coop,,Aura,MI,<--1948-->
A. J. Dunn,,Bad Axe,MI,<--1948-->
Bad Axe Farm Equipment Company,,Bad Axe,MI,<--1958-->
Jamison Texaco Service,,Baldwin,MI,<--1962-1964-->
Williams Oil Company,,Baldwin,MI,<--1969-->
Cleve Stowman,,Bangor,MI,<--1948-1958-->
Eddies Sales & Service,,Bangor,MI,<--1967-1973-->
George W. Stover,,Baroda,MI,<--1920-->
Myron Miller,,Baroda,MI,<--1948-1958-->
Miller Equipment Company,8941 1st Street,Baroda,MI,<--1962-1974-->
Barryton Coop Association,,Barryton,MI,<--1948-->
F. G. Smith,,Bath,MI,<--1921-->
Strong Hardware Company,,Battle Creek,MI,<--1920-->
"Kendall Hardware Mill Supply, Inc.",,Battle Creek,MI,<--1948-->
Morrison's Truck Sales & Service,,Battle Creek,MI,<--1958-->
Commercial Sales & Service,,Battle Creek,MI,<--1962-1967-->
Behnke & Sons,,Battle Creek,MI,<--1969-->
Erich Henkel Lincoln-Mercury,375 West Dickman Road,Battle Creek,MI,<--1977-->
"Colthurst's, Inc.",12200 East Michigan Avenue,Battle Creek,MI,
T. C. Tupper / Thos. C. Tupper,1000 Salzburg Avenue,Bay City,MI,<--1947-1948-->
"Nash-Schumacher Sales & Service, Inc.",,Bay City,MI,<--1958-->
"Schumacher Sales & Service, Inc.",3480 North Union Street,Bay City,MI,<--1962-1974-->
"Tillman Hardware Company, Inc.",,Beal City,MI,<--1947
Johnson Brothers,,Bear Lake,MI,<--1948-1962-->
Charles Monks,,Bellevue,MI,<--1945
Keith Implement Company,,Bellevue,MI,<--1948-1958-->
Pelton Brothers,,Bentley,MI,<--1945
McCormick-Deering Store,449 East Main Street,Benton Harbor,MI,<--1940-1944
Gersonde Equipment Company (Inc.),520 West Main Street,Benton Harbor,MI,<--1948-1980-->
Gersonde Equipment Company (Inc.),2450 South Highway 139,Benton Harbor,MI,<--1948-1980-->
Cutler's Sales & Service,Highway 31,Benzonia,MI,<--1958-1973-->
George W. Stover / Geo. W. Stover,,Berrien Springs,MI,<--1920-1930-->
"Evans Agricultural Services, Inc.",7994 Scottdale Road,Berrien Springs,MI,<--1979-1984-->
Christian Motor Sales,,Berville,MI,<--1958-->
W. I. Sloss,,Big Rapids,MI,<--1912-->
Jacobson Lidell,,Big Rapids,MI,<--1948-->
Franck & Wood Sales & Service,,Big Rapids,MI,<--1958-->
"Symonds Equipment, Inc.",Highway 131 North,Big Rapids,MI,<--1967-->
Big R Volkswagen,Highway 131 North,Big Rapids,MI,<--1973-->
C. S. Dewey,,Birch Run,MI,<--1918
Edward Graham,,Birch Run,MI,<--1929-->
R. C. Ballard,,Birch Run,MI,<--1944
Muehlenbeck Sales & Service,,Birch Run,MI,<--1948-1964-->
H. B. Parks & Company,,Birmingham,MI,<--1912-->
Green & Heacock,,Birmingham,MI,<--1919-->
Homer DeWitt,,Blanchard,MI,<--1945
Clement & Clapper,,Blissfield,MI,<--1928-->
Wilt & Knoblauch,317 East Adrian Street,Blissfield,MI,<--1948-->
Kohlman's International Sales (Inc.),317 East Adrian Street,Blissfield,MI,<--1970-1984-->
Kohlman's International Sales (Inc.),245 North Jipson Street,Blissfield,MI,<--1970-1984-->
Schneider's Frame & Axle Company / Inc.,10003 Toledo Road,Blissfield,MI,<--1958-1985-->
Arch S. Merrifield,,Bloomingdale,MI,<--1911-->
E. J. Merrifield,,Bloomingdale,MI,<--1912-->
F. W. Dilworth & Son(s),214-216 Ray Street,Boyne City,MI,<--1948-1964-->
Boyne City Cooperative Company,,Boyne City,MI,<--1967-1969-->
Miller Implement Store,,Breckenridge,MI,<--1948-1955-->
McCormick Farm Equipment Store,,Breckenridge,MI,<--1958-1962-->
International Harvester Sales & Service,,Breckenridge,MI,<--1967-->
B & W Farm Center,7581 East Monroe Road,Breckenridge,MI,<--1990-1994-->
J. H. Maurer,,Bridgewater,MI,<--1948
Alex Gibson,,Britton,MI,<--1944
Briton Implement Company,,Britton,MI,<--1948-->
Bruce Chevrolet Sales,,Bronson,MI,<--1948-->
G. R. Boyce,,Brooklyn,MI,<--1944
L. E. Brooks,,Brown City,MI,<--1948-->
Settlers Co-op Trading Company,,Bruce Crossing,MI,<--1948-->
Gils Auto Exchange,,Bruce Crossing,MI,<--1967-1969-->
Laporte County Co-op,,Buchanan,MI,<--1994-->
E. W. Howland,,Burlington,MI,<--1910-->
George Hammond,,Byron,MI,<--1930-->
Seaman's Garage,133 South Saginaw Street,Byron,MI,<--1958-1973-->
Dahlstrom's Garage,,Cadillac,MI,<--1958-->
Brower's Auto Electric,,Cadillac,MI,<--1962-1967-->
Brower's Sales & Service,500 North Mitchell Street,Cadillac,MI,<--1969-1973-->
Wenger & Clemons,,Caledonia,MI,<--1920-->
Harry D. Clemens,,Caledonia,MI,<--1945
Caledonia Implement Store,,Caledonia,MI,<--1948-1958-->
"Caledonia Farm Equipment, Inc.",9740 Cherry Valley Avenue,Caledonia,MI,<--1984-->
Wm. P. Joyce,,Cannonsburg,MI,<--1948
Elmer Lang,,Capac,MI,<--1948-->
Fillmore Motor Sales,,Capac,MI,<--1958-->
Elmer Lang & Sons,136 South Main Street,Capac,MI,<--1979-1984-->
J. J. Lucke,,Carleton,MI,<--1918-1919-->
Cyril Bergmooser,,Carleton,MI,<--1948-->
"Carleton Farm Supply, Inc.",11850 Grafton Road,Carleton,MI,1951-2015-->
G. A. Johnson,,Carlshend,MI,<--1946
H. R. Hyde & Son,,Caro,MI,<--1948-1958-->
H. R. Hyde Company,,Caro,MI,<--1962-1969-->
Hedley Equipment Company,1800 West Caro Road,Caro,MI,<--1968-->
"Janson Equipment of Caro, Inc.",1800 West Caro Road,Caro,MI,<--1979-1984-->
H. J. Martin (Company),115 East Main Street,Carson City,MI,<--1948-1984-->
C. C. McGregor & Sons,,Carsonville,MI,<--1914-->
G. L. Humphreys & Sons,,Casnovia,MI,<--1937-1948-->
Carlson Bros. Garage,,Casnovia,MI,<--1958-->
E. Paul & Son,East Main Street,Cass City,MI,<--1924-1948
E. Paul & Son,6556 Main Street,Cass City,MI,<--1924-1948
H. O. Paul Company,6556 Main Street,Cass City,MI,1948-1959-->
Frederick Herscher,,Cassopolis,MI,<--1948-->
Bontrager Auto Sales,,Cassopolis,MI,<--1958-->
Tom Watson Implement (Company),,Cedar Springs,MI,<--1948-->
Watson & Pratt Implement Company,345 North Main Street,Cedar Springs,MI,<--1958-1966-->
Charlotte Implement Company,,Charlotte,MI,<--1948-->
Faynor Bros. Implement Sales,,Charlotte,MI,<--1958-->
Ripley's Sales & Service,,Charlotte,MI,<--1958-->
Lovell Implement Company / Inc.,,Charlotte,MI,<--1962-1970-->
Osborn Buick-Opel,214 Lansing Street,Charlotte,MI,<--1974-->
"J. R. Fueslein, Inc.",420 Lansing Street,Charlotte,MI,<--1975-1984-->
Snyder Farm Supply,,Charlotte,MI,<--1994-->
Chimner Brothers,201 South Main Street,Cheboygan,MI,<--1948-1962-->
Chimner Brothers,201 South Main Street,Cheboygan,MI,<--1971-->
Cheboygan Motors,240 South Main Street,Cheboygan,MI,<--1973-1974-->
"L. J. Ormsbee Motors, Inc.",South Main Street,Cheboygan,MI,<--1979-1980-->
Merkel Brothers,,Chelsea,MI,<--1945
Chelsea Implement Company (Inc.),Chelsea-Manchester Road,Chelsea,MI,<--1948-1958-->
"Chelsea Motors, Inc.",,Chelsea,MI,<--1962-1964-->
Chesaning Sales Company,Broad Street,Chesaning,MI,<--1948-1964-->
Thompson & Wilkinson,,Clare,MI,<--1919-1928-->
S. A. Wilkinson,West 4th Street,Clare,MI,<--1930-1935-->
S. A. Wilkinson,East 4th Street,Clare,MI,<--1930-1935-->
George J. Lehr / Geo. J. Lehr,,Clare,MI,<--1938-1958
Humphrey Equipment Company,403 East 4th Street,Clare,MI,1958-1966
Climax Garage,,Climax,MI,<--1948-1958-->
Wm. H. Eaton,,Clio,MI,<--1937-->
Conlee Sales / Conlee Oil & Tractor Sales / Conlee Oil Company,,Clio,MI,1938-1962-->
Clark's Auto Sales,,Clio,MI,<--1958-->
G. W. Harding & Son,,Coldwater,MI,<--1918-->
S. E. Tupper,,Coldwater,MI,<--1944
R. F. Moore Implement Company,117 West Chicago Street,Coldwater,MI,<--1948-1957-->
Pillsbury Motor Sales,,Coldwater,MI,<--1958-1962-->
Ashdown Motor Sales,,Coldwater,MI,<--1967-->
Andy's Motor Sales,335 East Chicago Street,Coldwater,MI,<--1973-1974-->
A. F. Black,,Coleman,MI,<--1944
Allen's Implement Store,981 East Railway Street ,Coleman,MI,<--1948-1974
Gene's Truck Sales,981 East Railway Street ,Coleman,MI,1974-1981
J. W. Brigham & Son,,Concord,MI,<--1948-->
Brigham Hardware,119 North Main Street,Concord,MI,<--1963-1984-->
"J. H. Kash, Inc.",,Constantine,MI,<--1958-->
Lemmen Pontiac & Farm Equipment,13 East Randall Street,Coopersville,MI,<--1948-1958-->
E. R. Lehto,,Copemish,MI,<--1948-->
Chas. A. Hutula,,Covington,MI,<--1948-->
Charles McAllister,,Croswell,MI,<--1948-->
Hopkins Farm Service,,Croswell,MI,<--1958-1967-->
Hopkins Trucks,174 South Howard Avenue,Croswell,MI,<--1969-1985-->
M. Malkin & Sons / Malkin & Sons (Inc.),11 Superior Avenue,Crystal Falls,MI,<--1948-1990-->
W. E. Reader & Company,,Custer,MI,<--1925-->
Daggett Mercantile Company,,Daggett,MI,<--1948-->
Hanson Farm Equipment Company,Highway 1,Daggett,MI,<--1978-1984-->
Lloyd Smith,,Davison,MI,<--1946
O. S. Zeis & Son,,Davison,MI,<--1948-1958-->
Dick Zeis (Inc.),1146 South State Road,Davison,MI,<--1962-1977-->
International Harvester Company ~ Truck Branch,4840 Wyoming Avenue,Dearborn,MI,<--1971-1980-->
G. R. Gale,,Decatur,MI,<--1948-->
Vliek & Brucks,,Decatur,MI,<--1958-->
George E. Paige,,Deckerville,MI,<--1923
H. J. Darlington,,Deckerville,MI,<--1946
Turnbull Machinery Sales & Service,,Deckerville,MI,<--1959-->
Deerfield Hardware,,Deerfield,MI,<--1948-->
Ralph J. Handy,554 Grand River Avenue,Detroit,MI,<--1919-1920-->
Ralph J. Handy,1900 East Grand Blvd.,Detroit,MI,<--1919-1920-->
Wolverine Tractor & Equipment Company,,Detroit,MI,<--1958-1961-->
Coon Bros. Nash,,Detroit,MI,<--1958-->
Bud Motor Sales,,Detroit,MI,<--1958-->
Rashid Motor Sales,,Detroit,MI,<--1958-->
Simpson Sales & Service,,Detroit,MI,<--1958-1967-->
Kane Bros. Sales & Service,,Detroit,MI,<--1958-1967-->
Kane Truck Sales & Service,10501 Fenkell Avenue,Detroit,MI,<--1969-1974-->
Redford Sales & Service,,Detroit,MI,<--1962-1969-->
Renger's Sales & Service,10210 Chalmers Avenue,Detroit,MI,<--1964-1976-->
Kenwood Truck Repair,,Detroit,MI,<--1969-1971-->
International Harvester Company,1225 Vermont Street,Detroit,MI,<--1921-->
International Harvester Company,5915 West Warren Avenue,Detroit,MI,<--1958-1971-->
"RPM Machinery, Inc.",1300 Walnut Dale Drive,Dorr (Wayland),MI,<--2014-2016-->
"Dowagiac Farmers Cooperative Association, Inc.",,Dowagiac,MI,<--1931-1958-->
Trues Standard Service,,Dowagiac,MI,<--1964-1969-->
True Motor Sales,,Dowagiac,MI,<--1973-1974-->
Kenneth Sterner / Kenneth E. Sterner,,Dryden,MI,<--1948-1967-->
"Tom Zemmer, Inc.",,Dryden,MI,<--1958-->
Harry R. Busch,,Dundee,MI,<--1948-->
Backus Implement Company,,Dundee,MI,<--1958-->
Salenbien Bros. (Implement Company),187 Monroe Street,Dundee,MI,<--1962-1984-->
Salenbien Bros. (Implement Company),16805 Tecumseh Street,Dundee,MI,<--1962-1984-->
"Heartland Equipment, Inc.",,Dundee,MI,1987-1988
Howard Mack,,Durand,MI,<--1948-->
East Jordan Farmers Coop Association,,East Jordan,MI,<--1948
Fred Gale,,East Leroy,MI,<--1921-->
Barnes Lumber & Supplies,,Eastport,MI,<--1969-->
Bryce Barnes (Inc.),,Eastport,MI,<--1973-1980-->
Barnes International Trucks,,Eastport,MI,
Mulkeys Motor Sales,,Eaton Rapids,MI,<--1948-->
Foster Farm Equipment,,Eaton Rapids,MI,<--1958-->
George W. Stover,,Eau Claire,MI,<--1920-->
Lyle Gransden,,Edenville,MI,<--1948-1974-->
Verplanck's,570 East Main Street,Edmore,MI,<--1948-1957-->
Elk Rapids Coop Association,,Elk Rapids,MI,<--1948
Elkton Hardware Company,,Elkton,MI,<--1948-->
Ellsworth Farm Store,,Ellsworth,MI,<--1948-1967-->
Frank Zaremba,,Elmira,MI,<--1948-->
Zaremba Equipment (Inc.),8804 M-32 West,Elmira,MI,<--1973-1990-->
Boyd Williams,,Elsie,MI,<--1945
Fred Weir,,Emmett,MI,<--1948-->
Fred Weir & Son,,Emmett,MI,<--1962-->
Magnusson Bros.,,Ensign,MI,<--1948-->
Wm. E. Gilday,,Erie,MI,<--1921-->
J. C. Stark,,Erie,MI,<--1946
Bedford Equipment,,Erie,MI,<--1958-->
Escanaba Machine Company,1704 Ludington Street,Escanaba,MI,<--1948-1984-->
Bark River Culvert & Equipment Company,,Escanaba,MI,<--1965-->
Bark River Culvert & Equipment Company,430 North Lincoln Drive,Escanaba,MI,<--1978-1980-->
J. O. Gower / J. O. Gower Hardware / Gower Hardware & Farm Equipment,,Eureka,MI,<--1948-1975-->
Sandburg & Allison,,Evart,MI,<--1920-->
Everett Implement Company,31200 Grand River Avenue,Farmington,MI,<--1948-1962-->
Grandale Motor Sales,,Farmington,MI,<--1958-->
International Harvester Company,31666 West 8 Mile Road,Farmington Hills,MI,<--1971-1976-->
"Reighard International Trucks, Inc.",31666 West 8 Mile Road,Farmington Hills,MI,<--1985-1990-->
John V. Sundstrom,,Felch,MI,<--1948-->
Lee Kerton,,Fenton,MI,<--1948
Bedford Equipment Company,,Fenton,MI,<--1948-->
L. E. Walker & Son,,Fenwick,MI,<--1948
Wells & Son,,Fife Lake,MI,<--1948-->
Bunte Implement Company,,Flat Rock,MI,<--1948-1958-->
Sharp Hardware & Implement Company,,Flint,MI,<--1945
"Flint Farm Equipment, Inc.",,Flint,MI,<--1948-->
"C & S Motors, Inc.",113 South Dort Highway,Flint,MI,1946-1990-->
J & H Bok,,Forest Grove,MI,<--1948-->
"Forest Grove Farm Equipment, Inc.",3763 Perry Street,Forest Grove (Hudsonville),MI,<--1979-2012-->
"RPM Machinery, Inc.",3763 Perry Street,Forest Grove (Hudsonville),MI,<--2013-->
F. Granger & Sons,,Fountain,MI,<--1942-->
Frank Granger & Son,,Fountain,MI,<--1948
Vance Rosenow,,Fountain,MI,<--1948-->
Fox Brothers,,Fowler,MI,<--1923-->
Fox Implement Company,,Fowler,MI,<--1948-->
Fox Implement Company,257 South Main Street,Fowler,MI,<--1979-1984-->
Norms Auto Sales,,Frankenmuth,MI,<--1962-1967-->
"Schluckebiers, Inc.",312 North Main Street,Frankenmuth,MI,<--1969-1976-->
"Frankenmuth Chrysler, Inc.",312 North Main Street,Frankenmuth,MI,<--1977-->
C. J. Reindel,,Fraser,MI,<--1946
Don. F. Meyer (Company),8470 Midland Road,Freeland,MI,<--1948-1969-->
D. M. Jones,,Fremont,MI,<--1920-->
Jordan's,,Fremont,MI,<--1948-1958-->
Muskegon Truck & Tractor Company,,Fremont,MI,<--1962-1964-->
Stacey Chrysler-Plymouth,52 West Main Street,Fremont,MI,<--1973-1976-->
John Woods & Son,,Galien,MI,<--1930-->
A. P. Taylor (Inc.),,Galien,MI,<--1948-1957-->
Middlebelt Motor Mart,,Garden City,MI,<--1958-->
"Bill Cochrane, Inc.",,Garden City,MI,<--1964-1969-->
Ford Hardware & Implement Company,,Gaylord,MI,<--1931-1947
Paul H. Kammeyer,,Gaylord,MI,<--1948-1955-->
"Otsego County Cooperative Association, Inc.",,Gaylord,MI,<--1958-1962-->
D. F. Morrison,,Germfask,MI,<--1948-->
Nordstrom Garage,,Gladstone,MI,<--1958-->
Woodward & Dort,,Gladwin,MI,<--1918-->
Frank E. Ward,,Gladwin,MI,<--1948-1958-->
Drake Tractor Sales,,Gladwin,MI,<--1969-->
"Glendale Equipment Sales, Inc.",4000 M-43 West,Glendale (Paw Paw),MI,<--1973-1984-->
Wilkinson Implement Company (Inc.),6994 114th Street,Glenn,MI,<--1948-1973-->
Malcolm F. Dear,,Glennie,MI,<--1947
Alvin M. Clouse,,Glennie,MI,<--1948-->
Karpp Sales & Service,,Glennie,MI,<--1958-1976-->
Throop Farm Equipment (Store),,Grand Blanc,MI,<--1948-1951-->
Grand Haven Farm Bureau,715 Washington Street,Grand Haven,MI,<--1935-1948-->
Grand Haven Brake Clinic,,Grand Haven,MI,<--1958-->
Fleet Sales & Service,,Grand Haven,MI,<--1962-1964-->
Grand Haven Chrysler-Plymouth,,Grand Haven,MI,<--1969-->
Leonard Wiseman,,Grand Ledge,MI,<--1948-->
Garlock Equipment (Sales),143 Orchard Street,Grand Ledge,MI,<--1958-1994-->
J. L. Purchase,,Grand Rapids,MI,<--1917-->
Benton Implement Company,,Grand Rapids,MI,<--1945
Keizer Implement Company,2121 Alpine Avenue NW,Grand Rapids,MI,<--1948-1962-->
Keizer Equipment Company,2122 Turner Ave NW,Grand Rapids,MI,<--1969-1984-->
Wolverine Tractor & Equipment Company,2450 28th Street SW,Grand Rapids,MI,<--1958-1980-->
Gezon Motors,3985 Plainfield Avenue NE,Grand Rapids,MI,<--1973-->
International Harvester Company,Wealthy Street SW & Ellsworth Avenue SW,Grand Rapids,MI,<--1921-->
International Harvester Company,168-178 Wealthy Street SW,Grand Rapids,MI,<--1921-->
International Harvester Company ~ Truck Branch,215 Hall Street SW,Grand Rapids,MI,1953-1980-->
"Woodland International Trucks, Inc.",215 Hall Street SW,Grand Rapids,MI,<--1985-1990-->
"Wieland International Trucks, Inc.",215 Hall Street SW,Grand Rapids,MI,<--2007-->
"Western Michigan International Trucks, Inc.",215 Hall Street SW,Grand Rapids,MI,<--2008-2011-->
Wilson Avenue Garage,,Grandville,MI,<--1958-->
Tractor Service,,Grant,MI,<--1948-->
Hultgren Motor Sales,,Grant,MI,<--1959-1964-->
Wolfe Sales Company,,Grass Lake,MI,<--1944
Grass Lake Implement Company,,Grass Lake,MI,<--1948-->
Corwin Auto Sales,,Grayling,MI,<--1958-->
Knibbs Service,,Grayling,MI,<--1962-1964-->
Don L. Beardslee,,Greenville,MI,<--1921-->
John S. Watson (Inc.),5498 North Greenville Road,Greenville,MI,<--1948-1976-->
Charles J. Morton / Chas. J. Morton,,Hadley,MI,<--1948-1958-->
H. S. Townsend,,Hale,MI,<--1944
E. J. McIlmurray,,Hale,MI,<--1948-->
H. J. Lampen,,Hamilton,MI,
Komula Sales & Service,,Hancock,MI,<--1958-->
Portage Equipment Company,Royce Road,Hancock,MI,<--1962-1977-->
U. P. Oil Company,,Hancock,MI,
S. R. Knowles & Company,,Hanover,MI,<--1948-->
Russell Stephens Company,,Hanover,MI,<--1958-->
Albert Binkle,,Harbor Beach,MI,<--1921-->
Huron Farm Implement Shop,,Harbor Beach,MI,<--1946
Huron Farm & Home Equipment,,Harbor Beach,MI,<--1948-->
Osentoski Sales & Service,,Harbor Beach,MI,<--1958-->
Elliott's Garage,,Harbor Springs,MI,<--1958-1967-->
E. M. Wagner,,Harlan,MI,<--1948
Stuart D. Huntley / S. D. Huntley,,Harrison,MI,<--1948-1958-->
Alcona Motor Sales,,Harrisville,MI,<--1948-->
Oceana Truck & Tractor Company,,Hart,MI,<--1948-->
Krantz Service Garage,,Hart,MI,<--1962-1969-->
E. L. Cochran,,Haslett,MI,<--1925-->
Wm. Hall,,Hastings,MI,<--1915-->
Edmonds Bros.,,Hastings,MI,<--1920-->
Mahler Motor Sales,,Hastings,MI,<--1948-1964-->
Tony Belli Motors,,Hastings,MI,<--1967-->
McAllister Oil Company,,Hastings,MI,<--1969-->
Knapp & Kohlschmidt,,Hemlock,MI,<--1926-->
Hemlock Auto & Implement Company,,Hemlock,MI,<--1937-1962-->
Husband & Anderson,,Hesperia,MI,<--1948-->
Husband & Turple,,Hesperia,MI,<--1956-->
Burley Motor Sales,,Highland,MI,<--1958-->
Atkinson Hardware Company,,Hillman,MI,<--1948-->
Bartow Equipment Company,State Street,Hillman,MI,<--1958-1984-->
B. H. Bowmaster Company,,Holland,MI,<--1929-->
A. DeVisser & Sons,,Holland,MI,<--1944-1948
"G & K Equipment Company, Inc.",,Holland,MI,<--1948-->
Muller Equipment Company,,Holland,MI,<--1958-->
Hoeks Maplewood Service,East 35th Street & Lincoln Avenue,Holland,MI,<--1962-1964-->
Vandenberg Motors,1191 South Washington Avenue,Holland,MI,<--1973-1979-->
Hope Mercantile Company,,Hope,MI,<--1945
Varney Motor Sales,,Houghton,MI,<--1948-->
A. C. Davis,,Houghton Lake,MI,<--1948-->
Armstrong & Barron,,Howell,MI,<--1910-1912-->
R. E. Barron,,Howell,MI,<--1917-->
R. M. Menzies Equipment Company,2321 East Grand River Avenue,Howell,MI,<--1948-->
Everett Implement Company,,Howell,MI,<--1958-->
McCormick Farm Equipment Store,2321 East Grand River Avenue,Howell,MI,<--1962-->
J. E. Dillon,,Hudson,MI,<--1944
L. A. Dillon,,Hudson,MI,<--1948-->
Yager's Service,,Hudson,MI,<--1958-->
Wm. Zeinstra,,Hudsonville,MI,<--1948-->
Hunter & Hunter,,Hulbert,MI,<--1939-1948-->
N. A. Wiepert,,Ida,MI,<--1920-->
W. J. Scheid,,Ida,MI,<--1944
Ida Implement Company,3820 Lewis Road,Ida,MI,<--1947-1970-->
Roy Churchill,,Imlay City,MI,<--1918-1920-->
Lyal H. Watkins,,Imlay City,MI,<--1937-1948-->
Shull's Sales & Service,,Imlay City,MI,<--1958-->
John T. Mys,,Ina,MI,<--1948-->
Ross Benedict,,Ionia,MI,<--1948-->
Romanow Sales & Service,South Steele Street,Ionia,MI,<--1958-->
Harder & Sons,1243 West Lincoln Avenue,Ionia,MI,<--1969-1976-->
Hager Bros.,,Iron Mountain,MI,<--1915-->
E. O. Nelson,,Iron Mountain,MI,<--1945
Howard J. Walter,,Iron Mountain,MI,<--1948-->
Ken's Motor Sales,,Iron Mountain,MI,<--1964-1967-->
"Schultz Equipment & Parts Company, Inc.",1300 South Stevenson Avenue,Iron Mountain,MI,<--1969-2015-->
"Schultz Equipment & Parts Company, Inc.",1400 South Stephenson Avenue,Iron Mountain,MI,<--1969-2015-->
Haydon Oil & Equipment Company,,Iron River,MI,<--1948-->
Farmers Mart,,Iron River,MI,<--1958-->
L. C. L. Truck Sales,,Iron River,MI,<--1962-->
Lofgren Truck & Equipment Company,Highway 2,Iron River,MI,<--1964-1974-->
"Northroads Truck & Equipment, Ltd.",Highway 2,Iron River,MI,<--1976-->
R. A. Heideman,,Ironwood,MI,<--1928-1932-->
Heideman Company,,Ironwood,MI,<--1948-1958-->
"C & L Auto Service, Inc.",Highway 2 & Douglas Avenue,Ironwood,MI,<--1962-1977-->
"C & L Truck Service, Inc.",Highway 2 & Douglas Avenue,Ironwood,MI,<--1979-1980-->
Bark River Culvert & Equipment Company,,Ironwood,MI,<--1965-->
Bark River Culvert & Equipment Company,825 North Lake Street,Ironwood,MI,<--1979-1980-->
Mullins Service Station,,Ishpeming,MI,<--1964-1967-->
McCormick-Deering Store,,Ithaca,MI,<--1943
Dilts & Miller,,Ithaca,MI,<--1948-->
Dilts Equipment Company,,Ithaca,MI,<--1958-1962-->
"Don Goostrey, Inc.",,Ithaca,MI,<--1964-->
Gratiot Equipment Company,1244 East Center Street,Ithaca,MI,<--1969-1985-->
International Harvester Company,319 East Main Street,Jackson,MI,<--1921-->
Isbell Seed Company,,Jackson,MI,<--1948-->
International Harvester Company,701 East Michigan Avenue,Jackson,MI,<--1958-1973-->
"Power City International (Trucks, Inc.)",701 East Michigan Avenue,Jackson,MI,<--1974-1985-->
"Power City International (Trucks, Inc.)",3001 East High Street,Jackson,MI,<--1974-1985-->
Wise International Trucks,3001 East High Street,Jackson,MI,<--1990-->
L. W. Smith Truck & Trailer Sales,,Jonesville,MI,<--1958-->
McCormick-Deering Store,,Kalamazoo,MI,<--1944
Weimaster Equipment Company,1123 King Highway,Kalamazoo,MI,<--1948-1950-->
Jepkema Truck Sales,,Kalamazoo,MI,<--1958-->
McCormick Farm Equipment Store,1123 King Highway,Kalamazoo,MI,<--1958-1962-->
International Harvester Sales & Service,1123 King Highway,Kalamazoo,MI,<--1964-1974-->
"Tandem International / Tandem International Trucks, Inc.",1123 King Highway,Kalamazoo,MI,<--1976-1985-->
Wise International Trucks,5316 Wynn Road,Kalamazoo,MI,<--1990-->
Woodhams Implement Company,,Kalamazoo,MI,
Coop Mercantile & Prod. Company,,Kaleva,MI,<--1948
Spencer's Farm Service,,Kalkaska,MI,<--1948-->
Kinde Hardware Company,,Kinde,MI,<--1910-->
Meagher Farm Service,,Kinde,MI,<--1948-1958-->
Kinderhook Garage,,Kinderhook,MI,<--1945
"Lo Dal, Inc.",,Kingsford,MI,<--1967-1969-->
Dean Jeffrey,,Kingston,MI,<--1948-1958-->
Blamer's Store,,Kneeland,MI,
Johnson Garage,,L'Anse,MI,<--1964-1969-->
C. L. Dunkleberger,,Lacey,MI,<--1948-->
Swift Bros. Implement Sales,RFD 3 – Bellevue,Lacey,MI,<--1956-1961-->
T. J. Burt,,Laingsburg,MI,<--1911-->
Claude Carpenter,,Lake Odessa,MI,<--1913-1920-->
J. & A. Zerfas,,Lake Odessa,MI,<--1944
Senters Implement Company,,Lake Odessa,MI,<--1948-->
Lass Implement Sales,,Lake Odessa,MI,<--1958-->
"Lass Sales & Service, Inc.",3978 West Laurel Drive,Lake Odessa,MI,<--1958-1980-->
"Milosch Chrysler-Plymouth, Inc.",Lapeer Road,Lake Orion,MI,1970-->
G. L. Humphreys & Sons,,Lakeview,MI,<--1937-->
R. W. Petersen,,Lakeview,MI,<--1948-1958-->
R. & C. C. Bollinger,208 South Lincoln Avenue,Lakeview,MI,<--1976-1980-->
Bollinger's Inc.,208 South Lincoln Avenue,Lakeview,MI,<--1985-1990-->
"Hyde Farm Equipment Company, Inc.",Highway M-46,Lakeview,MI,<--1979-1984-->
Lakeview Farm & Lawn,,Lakeview,MI,<--1994-->
Vandervoort Hardware Company,,Lansing,MI,<--1918-->
Lorenz Farm Service,,Lansing,MI,<--1946
Lansing Equipment Company,,Lansing,MI,<--1948-->
International Harvester Company,1106 South Washington Avenue,Lansing,MI,<--1958-->
International Harvester Company,1700 North Grand River Avenue,Lansing,MI,<--1962-1973-->
"Capital City International / Capital City International Trucks, Inc.",1700 North Grand River Avenue,Lansing,MI,1974-2017-->
Rumsey Brothers & Twitchell,523 South River Street,Lansing,MI,
Tucker & Bolton,,Lapeer,MI,<--1919-->
McCartney Implement Store,,Lapeer,MI,<--1945
A. Cronin & Son,,Lapeer,MI,<--1948-->
Walter F. Sierakowski,,Lapeer,MI,<--1958-->
Niemala & Sons,,Laurium,MI,<--1948-->
Haffner & Lytle,,Lennon,MI,<--1929-1938
Lennon Implement Company,,Lennon,MI,1938-1948-->
Lennon Implement Company (Holowell & Nash),,Lennon,MI,<--1957
Jerry's Garage (Jerry Alderman),,Lennon,MI,1957-1967
C. W. Beier,,Lennox,MI,<--1948-->
Banta & Kitchen,,Leonidas,MI,<--1921-->
J. E. Bacon & Son,,Leslie,MI,<--1946
Leslie Implement Company,,Leslie,MI,<--1948-->
George Sachs,,Lewiston,MI,<--1948-->
LaVerne Medor,,Lincoln,MI,<--1948-1958-->
Johnson Bros.,,Linden,MI,<--1916-->
Sams Farm Equipment,,Litchfield,MI,<--1948-->
Lloyd Heussner Olds,33850 Plymouth Road,Livonia,MI,<--1973-->
Percy J. Read & Sons,,Lowell,MI,1938-1943-->
Wittenbach Sales & Service,749 West Main Street,Lowell,MI,<--1948-1980-->
Al Chinnery,101 West Foster Street,<--1946-1967-->
Al Chinnery,324 South James Street,Ludington,MI,<--1946-1967-->
City Garage,,Mackinaw City,MI,<--1958-->
"Northwood Motors, Inc.",,Madison Heights,MI,<--1962-1967-->
K & W Equipment,,Manchester,MI,<--1994-->
Butwell Auto Sales,,Manistee,MI,<--1948-->
Nash-Manistee Sales & Service,,Manistee,MI,<--1958-1969-->
Minelli Olds-Cadillac,100 Washington Street,Manistee,MI,<--1976-1977-->
Joe Levine,,Manistique,MI,<--1946
Linderoth Farm Supply,,Manistique,MI,<--1948-->
Walter Linderoth,162 River Street,Manistique,MI,<--1962-1973-->
Harry Van Sickle,,Maple Rapids,MI,<--1921-->
Patch & Remington,,Marcellus,MI,<--1921-->
Quality Feed & Supply Company,,Marine City,MI,<--1948-->
Stark's Garage,214 Broadway Street,Marine City,MI,
Marion Hardware Company,,Marion,MI,<--1945
A. R. Kent,,Marion,MI,<--1948-->
Bontekoe Sales & Service,7301 South Highway M-66,Marion,MI,<--1958-1980-->
"Bontekoe International Trucks, Inc.",7301 South Highway M-66,Marion,MI,<--1984-1985-->
Woodland International Trucks North,7301 South Highway M-66,Marion,MI,<--1990-->
J. G. McIntyre,,Marlette,MI,<--1948-->
Thom Machinery Sales,,Marlette,MI,<--1962-->
A B C Truck Company,2724 LaMotte Street,Marlette,MI,<--1971-1980-->
Karl Wendt Farm Equipment Company / Inc.,2350 South Van Dyke Road,Marlette,MI,1974-1984
Osentoski Farm Equipment,,Marlette,MI,<--1994-->
Barker Hardware & Implement Company,,Marne,MI,<--1948-->
Marquette Public Service Garage,,Marquette,MI,<--1948-1969-->
Hornbogen Auto Sales (Inc.),1025 West Washington Street,Marquette,MI,<--1973-1980-->
Kendall Hardware Mill Supply,,Marshall,MI,<--1948-->
Silsby Implement Company,State Street,Mason,MI,<--1948-1969-->
C. E. Hochradel,,Maybee,MI,<--1947
McBain Hardware Company,,McBain,MI,<--1948-->
C. H. Wernette,,Mecosta,MI,<--1945
Wm. Clyde,,Mendon,MI,<--1947
Lester W. Kline,,Mendon,MI,<--1948-1958-->
P. Lhote Company,,Menominee,MI,<--1920-->
Folstad Implements,900 16th Street,Menominee,MI,<--1948-1979
"Glen Motors, Inc.",,Menominee,MI,<--1976-->
Knapp & Kohlschmidt,,Merrill,MI,<--1926-1928-->
Ralph X. Siler,,Merrill,MI,<--1942-1954-->
Fleming Implement Company,,Merrill,MI,<--1962-->
Howard Gutherie,,Mesick,MI,<--1944
Howell & Son Implement Company,,Mesick,MI,<--1948-->
D. K. McDonald,,Middleton,MI,<--1938-->
Jack Sattler,,Middleton,MI,<--1948-1958-->
E. J. McNaughton,,Middleville,MI,<--1910-->
Finkbeiner Implement Company,201 Russell Street,Middleville,MI,<--1948-1969-->
E. J. Lee & Company,,Midland,MI,<--1948-1958-->
"A. C. Graham Motors, Inc.",,Midland,MI,<--1964-->
Orin Canine,,Milan,MI,<--1944
Clarie Canine Implement Company,,Milan,MI,<--1946
Dicken Farm Supply,Highway 23,Milan,MI,<--1948-1959-->
Main Sales & Service,64 West Main Street,Milan,MI,<--1958-1976-->
Louis Gelder & Sons,,Millburg,MI,<--1930-->
Archie Osborn / Archie Osborn Sales & Service,4729 East Main Street,Millington,MI,<--1948-1969-->
O'Conner Implement Company (Inc.),4729 East Main Street,Millington,MI,<--1971-1973-->
Farmers Elevator Company,,Minden City,MI,<--1948-->
Claude Blamer,,Mio,MI,<--1948-1958-->
Wayne Knepp,,Mio,MI,<--1962-1964-->
Raymond G. Knapp,,Monroe,MI,<--1948-->
"Zorn's Garage, Inc.",626 Cooper Street,Monroe,MI,<--1958-1992-->
A. A. Anderson,,Montague,MI,<--1944
White Lake Dist.,,Montague,MI,<--1948-->
B. G. Dyer,,Montgomery,MI,<--1921-->
Goodwins Service,,Montrose,MI,<--1948-1950-->
Charles Fay,,Morenci,MI,<--1946
Doyle Graf,West Main,Morenci,MI,<--1948-->
D. H. Graf,,Morenci,MI,
Norm Glaser's Body Shop,702 North Street,Morenci,MI,<--1962-1969-->
L. F. Wolf Hardware Company,,Mt. Clemens,MI,<--1921-->
Endres Equipment Company,,Mt. Clemens,MI,<--1948-->
Townsend Equipment Company,,Mt. Clemens,MI,<--1958-->
C. H. Woolworth / Chas. H Woolworth,,Mt. Pleasant,MI,<--1926-1946
"Lee Equipment Company / Lee Implement, Inc.",1198 North Mission Street,Mt. Pleasant,MI,<--1948-1984-->
Herman Enser,,Munger,MI,<--1948-->
W. C. Archenbronn,,Munith,MI,<--1946
Woodrow C. Artz,,Munith,MI,<--1948-->
Stoddard Sales & Service,,Munith,MI,<--1958-->
L. C. Harr,,Munith,MI,
Buchanan Sales & Service,,Muskegon,MI,<--1924-1933-->
L & M Motor Company (Inc.),,Muskegon,MI,<--1947-1948-->
Muskegon Truck & Tractor Company,,Muskegon,MI,<--1957-->
Inter-Cities Truck Sales & Service (Inc.),274 West Sherman Blvd.,Muskegon Heights,MI,<--1958-1985-->
Wise International Trucks,274 West Sherman Blvd.,Muskegon Heights,MI,<--1990-->
Servais Implement Company,,Nadeau,MI,<--1948-->
Hill's Garage,,Negaunee,MI,<--1958-1969-->
Waltz Garage,28111 Waltz Road,New Boston,MI,<--1962-1990-->
Western Michigan Power Equipment,,New Era,MI,<--1994-->
New Lothrop Hardware Company,9472 Genesee Street,New Lothrop,MI,<--1948-1985-->
George W. Stover,,New Troy,MI,<--1920-->
John Woods & Son,,New Troy,MI,<--1930-->
Fosters Hardware,,Newberry,MI,<--1945
Newberry Truck & Implement (Company),110 East Avenue C,Newberry,MI,<--1948-1976-->
Teske-Rapp Motor Company,1227 South Newberry Avenue,Newberry,MI,<--1978-1985-->
George W. Stover,,Niles,MI,<--1920-->
Niles Implement Company,,Niles,MI,<--1930-->
"Custom Garage, Inc.",,Niles,MI,<--1948-->
West Motor Service,,Niles,MI,<--1958-->
"West Motor Sales, Inc.",1298 South 11th Street,Niles,MI,<--1962-1980-->
"Tractor Mart, Inc.",2268 Reum Road,Niles,MI,<--1979-1980-->
J. M. Williams,,North Adams,MI,<--1922-->
M. N. Wolcott,,North Adams,MI,<--1946
Keith Williams,,North Adams,MI,<--1948-->
Huddle & Carr,,North Adams,MI,<--1955-->
North Branch Implement Company,,North Branch,MI,<--1948-1958-->
North Shore Tractor Sales,1350 North Whitehall Road,North Muskegon,MI,<--1966-->
Norway Hardware Company,,Norway,MI,<--1947
O & H Farm Service,,Norway,MI,<--1948-->
"Lo Dal, Inc.",,Norway,MI,<--1962-1964-->
W. H. Pickett,,Nunica,MI,<--1948-->
Oscar Rohrbacher,,Oak Grove,MI,<--1918-->
Point Super Service,,Okemos,MI,<--1958-->
Wolverine Industrial Sales,2360 East Jolly Road,Okemos,MI,<--1980-->
G. C. Adams,,Olivet,MI,<--1915-->
E. T. Burns (Inc.),,Onaway,MI,<--1948-1958-->
Onekama Farm Bureau,,Onekama,MI,<--1928-->
Beebe & Boyd,,Onsted,MI,<--1913-->
C. J. Pentecost,,Onsted,MI,<--1920-->
V. C. Billmeyer,,Onsted,MI,<--1945
V. H. Hane Motor Sales,,Onsted,MI,<--1958-1969-->
James Corgan,,Ontonagon,MI,<--1911-1912-->
E. J. Perron & Son,,Ontonagon,MI,<--1928-1932-->
Krohn Machinery (Company),,Ontonagon,MI,<--1943-1964-->
Frank Heinz Service,,Oscoda,MI,<--1958-->
Joe Maschino,,Otisville,MI,<--1948-->
List Sales & Service,,Otisville,MI,<--1958-->
R. C. Temple Company,110 North Main Street,Ovid,MI,<--1948-1962-->
Payne & Euler,,Owosso,MI,<--1910-->
Cook & Cook,113-117 South Ball Street,Owosso,MI,<--1926-1929-->
Cook & Cook Farm Supply Store,206 South Water Street,Owosso,MI,<--1948-->
Cook & Cook,206 South Water Street,Owosso,MI,<--1956-->
"Bob Rourke Motor Sales, Inc.",,Owosso,MI,<--1958-->
"Long's Rambler, Inc.",,Owosso,MI,<--1971-->
Long's American,801 West Main Street,Owosso,MI,<--1973-1976-->
Sculley Motor Sales,,Oxford,MI,<--1944
Fletcher Implement Company,,Oxford,MI,<--1948
Oxford Farm Supply Company,,Oxford,MI,<--1948-->
Tefend Motor Sales,653 Lapeer Road,Oxford,MI,<--1973-->
George Hunn,,Parma,MI,<--1920-->
S. H. Hunn,,Parma,MI,<--1945
Thomas Bros.,,Paw Paw,MI,<--1948-->
"Thomas Bros. Equipment Sales, Inc.",41764 West Red Arrow Highway,Paw Paw,MI,<--1958-1976-->
Floyd Spencer,,Peck,MI,<--1946
Basil Grimes,,Peck,MI,<--1948-->
Maki's,,Pelkie,MI,<--1948-->
W. B. Sydow & Sons,,Petoskey,MI,<--1942-1958-->
Woodland Motors (Inc.),Harbor Road,Petoskey,MI,<--1969-1976-->
Fred Taylor,,Pickford,MI,<--1915-->
E. Paul & Son,,Pigeon,MI,<--1948-->
"Paul's, Inc.",,Pigeon,MI,<--1958-->
Shetler Equipment Company,South M-142,Pigeon,MI,<--1962-1965-->
Osentoski Equipment Company,425 South Main Street,Pigeon,MI,1968-2015-->
Heppner & Jacobs,,Pinconning,MI,<--1948-->
Wayne D. Jacobs,,Pinconning,MI,<--1953-1963-->
Erdody's Sales & Service,,Pinconning,MI,<--1958-1971-->
Bronkema & Smith,,Plainwell,MI,<--1948-->
"Gunplain Machinery & Equipment Company, Inc.",,Plainwell,MI,<--1958-->
Eugene Vis Motor Sales,,Plainwell,MI,<--1964-->
"West Brothers, Inc.",,Plymouth,MI,<--1948-->
"West Brothers Nash, Inc.",534 Forest Avenue,Plymouth,MI,<--1958-->
"West Brothers Motors, Inc.",,Plymouth,MI,<--1962-1969-->
Kimball Bros.,,Pontiac,MI,<--1948-->
Master Motor Sales,,Pontiac,MI,<--1958-->
Pontiac Farm & Industrial Tractor Company,,Pontiac,MI,<--1962-1967-->
Grimaldi Imported Car Company,,Pontiac,MI,<--1971-->
Reefer Truck Center,2645 Auburn Road,Pontiac,MI,<--1979-1980-->
Port Hope Implement Shop,,Port Hope,MI,<--1948-1958-->
"M. E. Campbell Company, Inc.",,Port Huron,MI,<--1948-->
Bob Lane's Sales & Service,,Port Huron,MI,<--1958-1964-->
"C. F. Lambert & Son / Charles F. Lambert & Sons, Inc.",1105 Wadhams Road,Port Huron,MI,<--1967-1976-->
Gratiot Equipment Company,1105 Wadhams Road,Port Huron,MI,<--1979-1980-->
Kuiper's Service,,Portage,MI,<--1956-->
Portland Equipment Company,751 West Grand River Avenue,Portland,MI,<--1948-1958-->
Sandborn Equipment Company,,Portland,MI,<--1962-1971-->
McCormick Equipment Company,7811 South State Road,Portland,MI,<--1984-->
Snyder Farm Supply (Inc.),,Portland,MI,<--1994-->
A. J. Wozniak,,Posen,MI,<--1948-->
Laverty Implement Company,,Potterville,MI,<--1948-1958-->
Frank Cole,,Prescott,MI,<--1948
Bittner's Garage,,Prescott,MI,<--1948-->
Talant & Etheridge,,Quincy,MI,<--1921-->
Lester Van Hoosear,,Quincy,MI,<--1948-->
"Van Hoosear's Implement Sales, Inc.",,Quincy,MI,<--1958-->
A. J. Talant,,Quincy,MI,
A. H. Moore,,Ravenna,MI,<--1948-->
Ed. Davies,,Reading,MI,<--1921-->
Marsh Farmers Supply,,Reading,MI,<--1945
Farmers Supply,,Reading,MI,<--1948-->
L. H. Remenap,,Reed City,MI,<--1928-->
Remenap Hardware & Implement Company,111 North Chestnut,Reed City,MI,<--1948-1964-->
Arndt & Nurminger,,Reese,MI,<--1923-1924-->
Gruber & Janson,9676 Saginaw Street,Reese,MI,<--1948-1958-->
Edward Mattila,,Republic,MI,<--1948-->
C. W. Beier,,Richmond,MI,<--1920-->
Frank Hyde,6644 Lumberjack Road,Riverdale,MI,<--1948-->
Frank Hyde & Son,,Riverdale,MI,<--1958-->
Hyde Equipment Company,,Riverdale,MI,<--1962-1967-->
F. C. Hyde (Company),6644 Lumberjack Road,Riverdale,MI,<--1969-1984-->
Hyde Equipment,,Riverdale,MI,<--1965-->
M. M. Fikes,,Riverside,MI,<--1930-1948-->
Rock Co-op Company,,Rock,MI,<--1948-->
Hintons Carburetor & Ignition Service,,Rockford,MI,<--1969-->
Rogers City Cooperative Company,,Rogers City,MI,<--1948-->
Cash Motor Sales,,Rogers City,MI,<--1958-->
Gabara Motor Sales,110 South 4th Street,Rogers City,MI<--1969-1977-->
Gabara Motor Sales,1294 West 3rd Street,Rogers City,MI,<--1969-1977-->
Chapman & McLaren,,Romeo,MI,<--1921-->
A. B. Schultz,,Romeo,MI,<--1944
H. V. Summerfield,,Romulus,MI,<--1948-->
Dugan Bros. Service,,Romulus,MI,<--1958-->
Peer's Garage,20230 Telegraph Road,Romulus,MI,<--1962-1971-->
Rutledge Brothers,,Roscommon,MI,<--1948-->
F. R. Wyckoff Lumber,,Roscommon,MI,<--1958-->
Terry & Bayliss,,Rosebush,MI,<--1944
Rothbury Truck & Tractor Company,,Rothbury,MI,<--1958-->
Rothbury Rambler Sales & Service,,Rothbury,MI,<--1964-1969-->
"Rothbury AMC/Jeep, Inc.",Highway 31,Rothbury,MI,<--1977-->
H. F. Newman,,Rothbury,MI,
"Northwood Motors, Inc.",31675 Stephenson Highway,Royal Oak,MI,<--1958-->
A. J. Lipsett,,Rudyard,MI,<--1915-->
D. E. Turner Hardware Company,,Rudyard,MI,<--1948-->
"McDowell Equipment, Inc.",,Rudyard,MI,<--1978-->
Avery's Farm Equipment,302 Davenport Avenue,Saginaw,MI,<--1948-->
International Harvester Company,2790 Bay Road,Saginaw,MI,<--1962-1974-->
Gateway International Trucks,2790 Bay Road,Saginaw,MI,<--1976-1980-->
International Harvester Company,315 West Genesee Avenue,Saginaw,MI,<--1931-1958-->
Hutzel & Schnirring,,Saline,MI,<--1926-1927
Parsons & Dodge,,Saline,MI,1927-1932
Herman Heininger,123 West Michigan Avenue,Saline,MI,1932-1950
Wolfin-Robison Company,,Saline,MI,1950-1955
Robison-Johnson Company,123 West Michigan Avenue,Saline,MI,1955-1958
Robison-Johnson Company,173 West Michigan Avenue,Saline,MI,1955-1958
H. I. Johnson Company / Johnson's,173 West Michigan Avenue,Saline,MI,1958-1984-->
H. I. Johnson Company / Johnson's,9750 West Michigan Avenue,Saline,MI,1958-1984-->
Andrew Johnson,,Sandusky,MI,<--1920-->
Elmer Donaghy (Farm Service),180 Hart Street,Sandusky,MI,<--1948-1984-->
J. L. Lipsett,,Sault Ste. Marie,MI,<--1911-->
J. L. Lipsett & Son,,Sault Ste. Marie,MI,<--1926-1932-->
J. L. Lipsett & Company,,Sault Ste. Marie,MI,<--1948-->
Soo Sales & Service,2405 Ashmun Street,Sault Ste. Marie,MI,<--1958-->
Newberry Truck & Implement Company,,Sault Ste. Marie,MI,<--1962-->
Ruckle Implement Company,City Limits Road,Sault Ste. Marie,MI,<--1967-1969-->
F. J. Reader & Son,,Scottville,MI,<--1912-->
Lawrence Mattix McCormick-Deering Store,,Scottville,MI,<--1939-->
W. E. Reader & Company,1 Block South of RR,Scottville,MI,<--1947-1962-->
"C. W. Smith & Son, Inc.",,Scottville,MI,<--1969-->
C. J. Bolger,,Sebewaing,MI,<--1948-1967-->
A. J. Rankin,,Shelby,MI,
Smith Tractor & Motor (Sales),,Shepherd,MI,<--1948-1964-->
H. Petersen's Son,,Sidney,MI,<--1947
Chas. F. Lambert & Son,,Smiths Creek,MI,<--1948-1964-->
M. W. Jacobs,,Snover,MI,<--1947
Winston A. Dorman,,Snover,MI,<--1948-->
W. A. Dorman Farm Implements,,Snover,MI,<--1951-->
Andrew Leutheuser & Company,,Somerset,MI,<--1948-->
"South Haven Auto Sales, Inc.",,South Haven,MI,<--1958-->
C. R. Bradley,,South Lyon,MI,<--1945
Spencer Implement Company,,South Lyon,MI,<--1947-->
William F. Spencer,,South Lyon,MI,<--1948-->
Wolverine Tractor & Equipment Company,25900 West 8 Mile Road,Southfield,MI,<--1979-1980-->
D. J. Johnson,,Sparta,MI,<--1943-->
D. J. Johnson & Bro.,,Sparta,MI,<--1948
Sparta Farm & Lawn Equipment,1550 10 Mile Road NW,Sparta,MI,<--1994-1997-->
Charles Miller,,Springport,MI,<--1944
J. W. Brigham & Company,,Springport,MI,<--1948
Springport Hardware,,Springport,MI,<--1948-->
McClure Implement Sales,121 Main Street,Springport,MI,<--1958-1976-->
Thompson Hardware & Farm Machinery,,Spruce,MI,<--1948-->
R. D. Thompson Sales & Service,,Spruce,MI,<--1958-1964-->
Thompson Sales & Service,,Spruce,MI,<--1967-1974-->
Hartley Lumber Company,,St. Charles,MI,<--1948-->
Wing Motor Sales,,St. Ignace,MI,<--1948-->
Wm. Montague & Son(s),,St. Johns,MI,<--1948-->
Oliver Montague,508 North Clinton Avenue,St. Johns,MI,<--1958-1973-->
S & H Farm Sales & Service,,St. Johns,MI,<--1994-->
Moon Track Company,Langley Avenue,St. Joseph,MI,<--1930-->
Community Hardware Company,,St. Louis,MI,<--1945
Major Auto Company (Inc.),220 South Main Street,Standish,MI,<--1948-1977-->
Miscisin Brothers,,Standish,MI,<--1994-->
John W. S. Pierson & Company,,Stanton,MI,1902-1910-->
Wm. B. Winter,,Stephenson,MI,<--1944
Stephenson Implement Company,,Stephenson,MI,<--1947
Stephenson Marketing Association,,Stephenson,MI,<--1948-->
Howard D. Firth,,Sterling,MI,<--1945
C. G. Lantis & Sons,123 West Main Street,Stockbridge,MI,<--1948-1977-->
Weaver & Lingg (Inc.),South Centerville Road,Sturgis,MI,<--1948-1980-->
"Bolen International, Inc.",68695 White School Road,Sturgis,MI,<--1984-->
H. F. Rey,,Sunfield,MI,<--1945
Huffman's Sales & Service,,Suttons Bay,MI,<--1958-1964-->
Wayne Porter Sales,,Suttons Bay,MI,<--1967-1969-->
Tawas Hi Speed Company,,Tawas City,MI,<--1945
Gingerich Feed & Supply Store,,Tawas City,MI,<--1948-->
Ottawa Equipment Company,840 East Lake Street,Tawas City,MI,<--1958-1974-->
Boelter Bros.,Telegraph Road & Goddard Road,Taylor,MI,
International Harvester Used Truck Center,7067 South Telegraph Road,Taylor,MI,<--1982-1983-->
L. E. Temple & Company,,Tecumseh,MI,<--1914-->
H. E. Shelan,,Tecumseh,MI,<--1921-->
Robinson Farm Equipment,,Tecumseh,MI,<--1948-->
Tecumseh Equipment Company,2485 Monroe Road,Tecumseh,MI,<--1962-1985-->
Teeters Service,,Tekonsha,MI,<--1948-->
Milliman's Sales & Service,,Tekonsha,MI,<--1958-->
Bofia Motor Sales,,Temperance,MI,<--1962-1971-->
Warren W. Hoshel,Highway 131 at Highway 60,Three Rivers,MI,<--1948-1973-->
Don Sheeley Oldsmobile,1170 West Michigan Avenue,Three Rivers,MI,<--1974-->
Albright Motor Sales,1170 West Michigan Avenue,Three Rivers,MI,<--1976-->
A. Lahikainen,,Toivola,MI,<--1944
Louis Mikulich,,Traunik,MI,<--1948-->
Queen City Implement Company,,Traverse City,MI,<--1910-->
Smith & Benner Implement Company,,Traverse City,MI,<--1931-->
Traverse City Implement Company,116 East State Street,Traverse City,MI,<--1947-1949-->
Youker Implement Company,Highway 31 South,Traverse City,MI,1955-1969-->
Twin-Bay (Inc.),2751 North Memorial Highway,Traverse City,MI,<--1973-1990-->
Twin-Bay (Inc.),Highway 31 South,Traverse City,MI,<--1973-1990-->
Trenary Farmers Co-op Store,,Trenary,MI,<--1948-1958-->
Trenton Truck Sales & Service,,Trenton,MI,<--1958-->
"Northwood Motors, Inc.",,Troy,MI,<--1969-->
People's Hardware Company,,Turner,MI,<--1948-1958-->
Fred T. Veldsma,,Tustin,MI,<--1944
Bukoski Bros.,,Ubly,MI,<--1946
J. B. Washburn,,Union City,MI,<--1948-1958-->
Washburn Implement & Auto Sales,Located on M-60,Union City,MI,<--1962-1969-->
Sharps Farm Equipment,,Unionville,MI,<--1948-->
Theo. K. Schmidt & Son,3043 Bay Street,Unionville,MI,<--1958-1973-->
Siviter & Wilmot,,Utica,MI,<--1948-->
Weingartz Supply,,Utica,MI,<--1962-1964-->
Monicatti Chrysler-Plymouth,4025 Auburn Road,Utica,MI,<--1971-1974-->
Gruber & Roth,948 West Huron Avenue,Vassar,MI,<--1940-->
Gruber Farm Equipment,948 West Huron Avenue,Vassar,MI,<--1948-1958-->
Fuller Farm Equipment,,Vassar,MI,<--1962-->
Lovell Implement Company,,Vermontville,MI,<--1948-1958-->
J. F. Follmer,,Vicksburg,MI,<--1919
"Helms & Sons, Inc.",,Vicksburg,MI,<--1948-->
Harre & Fink Sales & Service,,Vicksburg,MI,<--1962-1964-->
"Harre & Fink, Inc.",North Main Street,Vicksburg,MI,<--1967-1971-->
"Farmland Equipment, Inc.",1728 East VW Avenue,Vicksburg,MI,<--1979-1984-->
Helms Tractor Sales,,Vicksburg,MI,
Thomas Te Bos,,Vogel Center,MI,<--1948-->
Cloon Motor Company,,Wakefield,MI,<--1962-1971-->
E. J. Wilson,,Waldron,MI,<--1920-->
A. L. Sheppard,,Waldron,MI,<--1948-->
Waldron Implement (Company),125 North Main Street,Waldron,MI,<--1968-1984-->
Vreeland Bros. Sales & Service,,Walled Lake,MI,<--1958-->
"Eastland International Truck Sales, Inc.",,Warren,MI,<--1969-->
Eastland Truck Sales (Inc.),22349 Groesbeck Highway,Warren,MI,<--1971-1980-->
Luchtman & Payne,,Washington,MI,<--1921-->
Davis Hardware,,Washington,MI,<--1948-->
Edward Alfen,,Wayland,MI,<--1945
Merle Rairigh,,Wayland,MI,<--1948-1958-->
Merle's Farm Equipment Company,,Wayland,MI,<--1962-->
Harold Dietrich,3939 South Wayne Road,Wayne,MI,<--1973-1974-->
"Ed Carpenter Sales, Inc.",3850 Howe Road,Wayne,MI,<--1979-1980-->
"Ed Carpenter Sales, Inc.",33640 Michigan Avenue,Wayne,MI,<--1979-1980-->
Roy F. Carscallen,,West Branch,MI,<--1948-1958-->
Carscallen Equipment,,West Branch,MI,<--1962-1964-->
Sheltrown Equipment Company,225 Court Street,West Branch,MI,<--1971-1976-->
Charles Wangler Sales & Service,114 South 4th Street,West Branch,MI,<--1979-1980-->
Westphalia Hardware Company,,Westphalia,MI,<--1921-->
Fleming Implement Company,,Wheeler,MI,<--1964-->
International Harvester Company,9232 East Monroe Road,Wheeler,MI,<--1971-1974-->
"Crumbaugh International, Inc.",9232 East Monroe Road,Wheeler,MI,<--1976-1985-->
"J. H. Kash, Inc.",,White Pigeon,MI,<--1962-1967-->
Joe Danin Company,,Whittemore,MI,<--1945
Ed Graham & Sons,,Whittemore,MI,<--1948-1958-->
J. E. Fraser,,Williamston,MI,<--1930-->
Siegel & Siegel,,Williamston,MI,<--1944
Wollpert Farm Service,,Williamston,MI,<--1948-1958-->
Williamston Implement Company,105 High Street,Williamston,MI,<--1962-1984-->
Wilbur L. Jones,,Wolverine,MI,<--1948-->
Wagner's Truck Sales & Service,940 Biddle Avenue,Wyandotte,MI,
Geo. McIntyre,,Yale,MI,<--1912-->
Wharton & Company,,Yale,MI,<--1913-->
Russell D. Seaton,,Yale,MI,<--1948-->
Ypsi Body Shop,,Ypsilanti,MI,<--1958-->
Teachout Motor Sales,,Ypsilanti,MI,<--1962-->
Superior Equipment Company,,Ypsilanti,MI,<--1964-1967-->
Isaac Van Dyke Company,,Zeeland,MI,<--1921-->
